<?xml version="1.0"?>
<Baza><Sid>Geo</Sid><Tabele><Tabela><NazwaTabeli>kontynenty</NazwaTabeli><OpisTabeli></OpisTabeli><Pola><Pole><NazwaPola>id</NazwaPola><CzyNull>NOT NULL</CzyNull><CzyKlucz>tak</CzyKlucz><OpisPola></OpisPola><TypPola>NUMBER</TypPola><RozmiarPola>1</RozmiarPola><PrecyzjaPola></PrecyzjaPola></Pole><Pole><NazwaPola>nazwa</NazwaPola><CzyNull>NOT NULL</CzyNull><CzyKlucz>nie</CzyKlucz><OpisPola></OpisPola><TypPola>VARCHAR2</TypPola><RozmiarPola>18</RozmiarPola><PrecyzjaPola></PrecyzjaPola></Pole><Pole><NazwaPola>powierzchnia</NazwaPola><CzyNull>NOT NULL</CzyNull><CzyKlucz>nie</CzyKlucz><OpisPola></OpisPola><TypPola>NUMBER</TypPola><RozmiarPola>10</RozmiarPola><PrecyzjaPola>2</PrecyzjaPola></Pole><Pole><NazwaPola>linia_brzegowa</NazwaPola><CzyNull>NOT NULL</CzyNull><CzyKlucz>nie</CzyKlucz><OpisPola></OpisPola><TypPola>NUMBER</TypPola><RozmiarPola>10</RozmiarPola><PrecyzjaPola>2</PrecyzjaPola></Pole></Pola><KluczeObce/></Tabela><Tabela><NazwaTabeli>panstwa</NazwaTabeli><OpisTabeli></OpisTabeli><Pola><Pole><NazwaPola>id</NazwaPola><CzyNull>NOT NULL</CzyNull><CzyKlucz>tak</CzyKlucz><OpisPola></OpisPola><TypPola>NUMBER</TypPola><RozmiarPola>3</RozmiarPola><PrecyzjaPola></PrecyzjaPola></Pole><Pole><NazwaPola>nazwa</NazwaPola><CzyNull>NOT NULL</CzyNull><CzyKlucz>nie</CzyKlucz><OpisPola></OpisPola><TypPola>VARCHAR2</TypPola><RozmiarPola>30</RozmiarPola><PrecyzjaPola></PrecyzjaPola></Pole><Pole><NazwaPola>powierzchnia</NazwaPola><CzyNull>NOT NULL</CzyNull><CzyKlucz>nie</CzyKlucz><OpisPola></OpisPola><TypPola>NUMBER</TypPola><RozmiarPola>10</RozmiarPola><PrecyzjaPola>2</PrecyzjaPola></Pole><Pole><NazwaPola>dlugosc_granica</NazwaPola><CzyNull>NOT NULL</CzyNull><CzyKlucz>nie</CzyKlucz><OpisPola></OpisPola><TypPola>NUMBER</TypPola><RozmiarPola>8</RozmiarPola><PrecyzjaPola>2</PrecyzjaPola></Pole></Pola><KluczeObce/></Tabela><Tabela><NazwaTabeli>zbiornik_typ</NazwaTabeli><OpisTabeli>slownik</OpisTabeli><Pola><Pole><NazwaPola>id</NazwaPola><CzyNull>NOT NULL</CzyNull><CzyKlucz>tak</CzyKlucz><OpisPola></OpisPola><TypPola>NUMBER</TypPola><RozmiarPola>2</RozmiarPola><PrecyzjaPola></PrecyzjaPola></Pole><Pole><NazwaPola>nazwa</NazwaPola><CzyNull>NOT NULL</CzyNull><CzyKlucz>nie</CzyKlucz><OpisPola>otwarty zamkniety</OpisPola><TypPola>VARCHAR2</TypPola><RozmiarPola>25</RozmiarPola><PrecyzjaPola></PrecyzjaPola></Pole></Pola><KluczeObce/></Tabela><Tabela><NazwaTabeli>zbiorniki</NazwaTabeli><OpisTabeli></OpisTabeli><Pola><Pole><NazwaPola>id</NazwaPola><CzyNull>NOT NULL</CzyNull><CzyKlucz>tak</CzyKlucz><OpisPola></OpisPola><TypPola>NUMBER</TypPola><RozmiarPola>8</RozmiarPola><PrecyzjaPola></PrecyzjaPola></Pole><Pole><NazwaPola>nazwa</NazwaPola><CzyNull>NOT NULL</CzyNull><CzyKlucz>nie</CzyKlucz><OpisPola></OpisPola><TypPola>VARCHAR2</TypPola><RozmiarPola>25</RozmiarPola><PrecyzjaPola></PrecyzjaPola></Pole><Pole><NazwaPola>dlugosc</NazwaPola><CzyNull></CzyNull><CzyKlucz>nie</CzyKlucz><OpisPola></OpisPola><TypPola>NUMBER</TypPola><RozmiarPola>8</RozmiarPola><PrecyzjaPola>2</PrecyzjaPola></Pole><Pole><NazwaPola>powierzchnia</NazwaPola><CzyNull></CzyNull><CzyKlucz>nie</CzyKlucz><OpisPola></OpisPola><TypPola>NUMBER</TypPola><RozmiarPola>10</RozmiarPola><PrecyzjaPola>2</PrecyzjaPola></Pole><Pole><NazwaPola>typ</NazwaPola><CzyNull>NOT NULL</CzyNull><CzyKlucz>nie</CzyKlucz><OpisPola>FK zbiornik_typ</OpisPola><TypPola>NUMBER</TypPola><RozmiarPola>2</RozmiarPola><PrecyzjaPola></PrecyzjaPola></Pole></Pola><KluczeObce><KluczObcy><NazwaKlucza>Refzbiornik_typ</NazwaKlucza><NazwaTabeliForeign>zbiornik_typ</NazwaTabeliForeign><TypKlucza>jw</TypKlucza><PolaKluczowe><PoleKluczowe><NazwaPolaLocal>typ</NazwaPolaLocal><NazwaPolaForeign>id</NazwaPolaForeign></PoleKluczowe></PolaKluczowe></KluczObcy></KluczeObce></Tabela><Tabela><NazwaTabeli>pustynie</NazwaTabeli><OpisTabeli></OpisTabeli><Pola><Pole><NazwaPola>id</NazwaPola><CzyNull>NOT NULL</CzyNull><CzyKlucz>tak</CzyKlucz><OpisPola></OpisPola><TypPola>NUMBER</TypPola><RozmiarPola>4</RozmiarPola><PrecyzjaPola></PrecyzjaPola></Pole><Pole><NazwaPola>nazwa</NazwaPola><CzyNull>NOT NULL</CzyNull><CzyKlucz>nie</CzyKlucz><OpisPola></OpisPola><TypPola>VARCHAR2</TypPola><RozmiarPola>30</RozmiarPola><PrecyzjaPola></PrecyzjaPola></Pole><Pole><NazwaPola>id_kontynent</NazwaPola><CzyNull>NOT NULL</CzyNull><CzyKlucz>nie</CzyKlucz><OpisPola></OpisPola><TypPola>NUMBER</TypPola><RozmiarPola>1</RozmiarPola><PrecyzjaPola></PrecyzjaPola></Pole><Pole><NazwaPola>powierzchnia</NazwaPola><CzyNull>NOT NULL</CzyNull><CzyKlucz>nie</CzyKlucz><OpisPola></OpisPola><TypPola>NUMBER</TypPola><RozmiarPola></RozmiarPola><PrecyzjaPola></PrecyzjaPola></Pole></Pola><KluczeObce><KluczObcy><NazwaKlucza>Refkontynenty</NazwaKlucza><NazwaTabeliForeign>kontynenty</NazwaTabeliForeign><TypKlucza>jw</TypKlucza><PolaKluczowe><PoleKluczowe><NazwaPolaLocal>id_kontynent</NazwaPolaLocal><NazwaPolaForeign>id</NazwaPolaForeign></PoleKluczowe></PolaKluczowe></KluczObcy></KluczeObce></Tabela><Tabela><NazwaTabeli>szczyty</NazwaTabeli><OpisTabeli></OpisTabeli><Pola><Pole><NazwaPola>id</NazwaPola><CzyNull>NOT NULL</CzyNull><CzyKlucz>tak</CzyKlucz><OpisPola></OpisPola><TypPola></TypPola><RozmiarPola></RozmiarPola><PrecyzjaPola></PrecyzjaPola></Pole><Pole><NazwaPola>nazwa</NazwaPola><CzyNull>NOT NULL</CzyNull><CzyKlucz>nie</CzyKlucz><OpisPola></OpisPola><TypPola></TypPola><RozmiarPola></RozmiarPola><PrecyzjaPola></PrecyzjaPola></Pole><Pole><NazwaPola>wysokosc</NazwaPola><CzyNull>NOT NULL</CzyNull><CzyKlucz>nie</CzyKlucz><OpisPola></OpisPola><TypPola></TypPola><RozmiarPola></RozmiarPola><PrecyzjaPola></PrecyzjaPola></Pole><Pole><NazwaPola>id_pasmo_gorskie</NazwaPola><CzyNull>NOT NULL</CzyNull><CzyKlucz>nie</CzyKlucz><OpisPola></OpisPola><TypPola></TypPola><RozmiarPola></RozmiarPola><PrecyzjaPola></PrecyzjaPola></Pole></Pola><KluczeObce><KluczObcy><NazwaKlucza>Refpasmo_gorskie</NazwaKlucza><NazwaTabeliForeign>pasmo_gorskie</NazwaTabeliForeign><TypKlucza>jw</TypKlucza><PolaKluczowe><PoleKluczowe><NazwaPolaLocal>id_pasmo_gorskie</NazwaPolaLocal><NazwaPolaForeign>id</NazwaPolaForeign></PoleKluczowe></PolaKluczowe></KluczObcy></KluczeObce></Tabela><Tabela><NazwaTabeli>pasmo_gorskie</NazwaTabeli><OpisTabeli></OpisTabeli><Pola><Pole><NazwaPola>id</NazwaPola><CzyNull>NOT NULL</CzyNull><CzyKlucz>tak</CzyKlucz><OpisPola></OpisPola><TypPola></TypPola><RozmiarPola></RozmiarPola><PrecyzjaPola></PrecyzjaPola></Pole><Pole><NazwaPola>nazwa</NazwaPola><CzyNull>NOT NULL</CzyNull><CzyKlucz>nie</CzyKlucz><OpisPola></OpisPola><TypPola></TypPola><RozmiarPola></RozmiarPola><PrecyzjaPola></PrecyzjaPola></Pole></Pola><KluczeObce/></Tabela><Tabela><NazwaTabeli>kontynenty_panstwa</NazwaTabeli><OpisTabeli></OpisTabeli><Pola><Pole><NazwaPola>id</NazwaPola><CzyNull>NOT NULL</CzyNull><CzyKlucz>tak</CzyKlucz><OpisPola></OpisPola><TypPola></TypPola><RozmiarPola></RozmiarPola><PrecyzjaPola></PrecyzjaPola></Pole><Pole><NazwaPola>id_kontynent</NazwaPola><CzyNull>NOT NULL</CzyNull><CzyKlucz>nie</CzyKlucz><OpisPola></OpisPola><TypPola></TypPola><RozmiarPola></RozmiarPola><PrecyzjaPola></PrecyzjaPola></Pole><Pole><NazwaPola>id_panstwo</NazwaPola><CzyNull>NOT NULL</CzyNull><CzyKlucz>nie</CzyKlucz><OpisPola></OpisPola><TypPola></TypPola><RozmiarPola></RozmiarPola><PrecyzjaPola></PrecyzjaPola></Pole></Pola><KluczeObce><KluczObcy><NazwaKlucza>Refkontynenty</NazwaKlucza><NazwaTabeliForeign>kontynenty</NazwaTabeliForeign><TypKlucza>jw</TypKlucza><PolaKluczowe><PoleKluczowe><NazwaPolaLocal>id_kontynent</NazwaPolaLocal><NazwaPolaForeign>id</NazwaPolaForeign></PoleKluczowe></PolaKluczowe></KluczObcy><KluczObcy><NazwaKlucza>Refpanstwa</NazwaKlucza><NazwaTabeliForeign>panstwa</NazwaTabeliForeign><TypKlucza>jw</TypKlucza><PolaKluczowe><PoleKluczowe><NazwaPolaLocal>id_panstwo</NazwaPolaLocal><NazwaPolaForeign>id</NazwaPolaForeign></PoleKluczowe></PolaKluczowe></KluczObcy><KluczObcy><NazwaKlucza>Refkontynenty</NazwaKlucza><NazwaTabeliForeign>kontynenty</NazwaTabeliForeign><TypKlucza>jw</TypKlucza><PolaKluczowe><PoleKluczowe><NazwaPolaLocal>id_kontynent</NazwaPolaLocal><NazwaPolaForeign>id</NazwaPolaForeign></PoleKluczowe></PolaKluczowe></KluczObcy><KluczObcy><NazwaKlucza>Refpanstwa</NazwaKlucza><NazwaTabeliForeign>panstwa</NazwaTabeliForeign><TypKlucza>jw</TypKlucza><PolaKluczowe><PoleKluczowe><NazwaPolaLocal>id_panstwo</NazwaPolaLocal><NazwaPolaForeign>id</NazwaPolaForeign></PoleKluczowe></PolaKluczowe></KluczObcy></KluczeObce></Tabela><Tabela><NazwaTabeli>zbiorniki_panstwa</NazwaTabeli><OpisTabeli></OpisTabeli><Pola><Pole><NazwaPola>id</NazwaPola><CzyNull>NOT NULL</CzyNull><CzyKlucz>tak</CzyKlucz><OpisPola></OpisPola><TypPola></TypPola><RozmiarPola></RozmiarPola><PrecyzjaPola></PrecyzjaPola></Pole><Pole><NazwaPola>id_panstwo</NazwaPola><CzyNull>NOT NULL</CzyNull><CzyKlucz>nie</CzyKlucz><OpisPola></OpisPola><TypPola></TypPola><RozmiarPola></RozmiarPola><PrecyzjaPola></PrecyzjaPola></Pole><Pole><NazwaPola>id_zbiornik</NazwaPola><CzyNull>NOT NULL</CzyNull><CzyKlucz>nie</CzyKlucz><OpisPola></OpisPola><TypPola></TypPola><RozmiarPola></RozmiarPola><PrecyzjaPola></PrecyzjaPola></Pole></Pola><KluczeObce><KluczObcy><NazwaKlucza>Refpanstwa</NazwaKlucza><NazwaTabeliForeign>panstwa</NazwaTabeliForeign><TypKlucza>jw</TypKlucza><PolaKluczowe><PoleKluczowe><NazwaPolaLocal>id_panstwo</NazwaPolaLocal><NazwaPolaForeign>id</NazwaPolaForeign></PoleKluczowe></PolaKluczowe></KluczObcy><KluczObcy><NazwaKlucza>Refzbiorniki</NazwaKlucza><NazwaTabeliForeign>zbiorniki</NazwaTabeliForeign><TypKlucza>jw</TypKlucza><PolaKluczowe><PoleKluczowe><NazwaPolaLocal>id_zbiornik</NazwaPolaLocal><NazwaPolaForeign>id</NazwaPolaForeign></PoleKluczowe></PolaKluczowe></KluczObcy></KluczeObce></Tabela><Tabela><NazwaTabeli>pustynie_panstwa</NazwaTabeli><OpisTabeli></OpisTabeli><Pola><Pole><NazwaPola>id</NazwaPola><CzyNull>NOT NULL</CzyNull><CzyKlucz>tak</CzyKlucz><OpisPola></OpisPola><TypPola></TypPola><RozmiarPola></RozmiarPola><PrecyzjaPola></PrecyzjaPola></Pole><Pole><NazwaPola>id_pustynia</NazwaPola><CzyNull>NOT NULL</CzyNull><CzyKlucz>nie</CzyKlucz><OpisPola></OpisPola><TypPola></TypPola><RozmiarPola></RozmiarPola><PrecyzjaPola></PrecyzjaPola></Pole><Pole><NazwaPola>id_panstwo</NazwaPola><CzyNull>NOT NULL</CzyNull><CzyKlucz>nie</CzyKlucz><OpisPola></OpisPola><TypPola></TypPola><RozmiarPola></RozmiarPola><PrecyzjaPola></PrecyzjaPola></Pole></Pola><KluczeObce><KluczObcy><NazwaKlucza>Refpustynie</NazwaKlucza><NazwaTabeliForeign>pustynie</NazwaTabeliForeign><TypKlucza>jw</TypKlucza><PolaKluczowe><PoleKluczowe><NazwaPolaLocal>id_pustynia</NazwaPolaLocal><NazwaPolaForeign>id</NazwaPolaForeign></PoleKluczowe></PolaKluczowe></KluczObcy><KluczObcy><NazwaKlucza>Refpanstwa</NazwaKlucza><NazwaTabeliForeign>panstwa</NazwaTabeliForeign><TypKlucza>jw</TypKlucza><PolaKluczowe><PoleKluczowe><NazwaPolaLocal>id_panstwo</NazwaPolaLocal><NazwaPolaForeign>id</NazwaPolaForeign></PoleKluczowe></PolaKluczowe></KluczObcy></KluczeObce></Tabela><Tabela><NazwaTabeli>pasmo_gorskie_panstwa</NazwaTabeli><OpisTabeli></OpisTabeli><Pola><Pole><NazwaPola>id</NazwaPola><CzyNull>NOT NULL</CzyNull><CzyKlucz>tak</CzyKlucz><OpisPola></OpisPola><TypPola></TypPola><RozmiarPola></RozmiarPola><PrecyzjaPola></PrecyzjaPola></Pole><Pole><NazwaPola>id_pasmo_gorskie</NazwaPola><CzyNull>NOT NULL</CzyNull><CzyKlucz>nie</CzyKlucz><OpisPola></OpisPola><TypPola></TypPola><RozmiarPola></RozmiarPola><PrecyzjaPola></PrecyzjaPola></Pole><Pole><NazwaPola>id_panstwo</NazwaPola><CzyNull>NOT NULL</CzyNull><CzyKlucz>nie</CzyKlucz><OpisPola></OpisPola><TypPola></TypPola><RozmiarPola></RozmiarPola><PrecyzjaPola></PrecyzjaPola></Pole></Pola><KluczeObce><KluczObcy><NazwaKlucza>Refpasmo_gorskie</NazwaKlucza><NazwaTabeliForeign>pasmo_gorskie</NazwaTabeliForeign><TypKlucza>jw</TypKlucza><PolaKluczowe><PoleKluczowe><NazwaPolaLocal>id_pasmo_gorskie</NazwaPolaLocal><NazwaPolaForeign>id</NazwaPolaForeign></PoleKluczowe></PolaKluczowe></KluczObcy><KluczObcy><NazwaKlucza>Refpanstwa</NazwaKlucza><NazwaTabeliForeign>panstwa</NazwaTabeliForeign><TypKlucza>jw</TypKlucza><PolaKluczowe><PoleKluczowe><NazwaPolaLocal>id_panstwo</NazwaPolaLocal><NazwaPolaForeign>id</NazwaPolaForeign></PoleKluczowe></PolaKluczowe></KluczObcy></KluczeObce></Tabela><Tabela><NazwaTabeli>szczty_panstwa</NazwaTabeli><OpisTabeli></OpisTabeli><Pola><Pole><NazwaPola>id</NazwaPola><CzyNull>NOT NULL</CzyNull><CzyKlucz>tak</CzyKlucz><OpisPola></OpisPola><TypPola></TypPola><RozmiarPola></RozmiarPola><PrecyzjaPola></PrecyzjaPola></Pole><Pole><NazwaPola>id_szczyt</NazwaPola><CzyNull>NOT NULL</CzyNull><CzyKlucz>nie</CzyKlucz><OpisPola></OpisPola><TypPola></TypPola><RozmiarPola></RozmiarPola><PrecyzjaPola></PrecyzjaPola></Pole><Pole><NazwaPola>id_panstwa</NazwaPola><CzyNull>NOT NULL</CzyNull><CzyKlucz>nie</CzyKlucz><OpisPola></OpisPola><TypPola></TypPola><RozmiarPola></RozmiarPola><PrecyzjaPola></PrecyzjaPola></Pole></Pola><KluczeObce><KluczObcy><NazwaKlucza>Refszczyty</NazwaKlucza><NazwaTabeliForeign>szczyty</NazwaTabeliForeign><TypKlucza>jw</TypKlucza><PolaKluczowe><PoleKluczowe><NazwaPolaLocal>id_szczyt</NazwaPolaLocal><NazwaPolaForeign>id</NazwaPolaForeign></PoleKluczowe></PolaKluczowe></KluczObcy><KluczObcy><NazwaKlucza>Refpanstwa</NazwaKlucza><NazwaTabeliForeign>panstwa</NazwaTabeliForeign><TypKlucza>jw</TypKlucza><PolaKluczowe><PoleKluczowe><NazwaPolaLocal>id_panstwa</NazwaPolaLocal><NazwaPolaForeign>id</NazwaPolaForeign></PoleKluczowe></PolaKluczowe></KluczObcy></KluczeObce></Tabela><Tabela><NazwaTabeli>kontynenty_panstwa</NazwaTabeli><OpisTabeli></OpisTabeli><Pola><Pole><NazwaPola>id</NazwaPola><CzyNull>NOT NULL</CzyNull><CzyKlucz>tak</CzyKlucz><OpisPola></OpisPola><TypPola></TypPola><RozmiarPola></RozmiarPola><PrecyzjaPola></PrecyzjaPola></Pole><Pole><NazwaPola>id_kontynent</NazwaPola><CzyNull>NOT NULL</CzyNull><CzyKlucz>nie</CzyKlucz><OpisPola></OpisPola><TypPola></TypPola><RozmiarPola></RozmiarPola><PrecyzjaPola></PrecyzjaPola></Pole><Pole><NazwaPola>id_panstwo</NazwaPola><CzyNull>NOT NULL</CzyNull><CzyKlucz>nie</CzyKlucz><OpisPola></OpisPola><TypPola></TypPola><RozmiarPola></RozmiarPola><PrecyzjaPola></PrecyzjaPola></Pole></Pola><KluczeObce/></Tabela><Tabela><NazwaTabeli>panstwo_panstwo</NazwaTabeli><OpisTabeli></OpisTabeli><Pola><Pole><NazwaPola>id</NazwaPola><CzyNull>NOT NULL</CzyNull><CzyKlucz>tak</CzyKlucz><OpisPola></OpisPola><TypPola></TypPola><RozmiarPola></RozmiarPola><PrecyzjaPola></PrecyzjaPola></Pole><Pole><NazwaPola>dlugosc_granicy</NazwaPola><CzyNull>NOT NULL</CzyNull><CzyKlucz>nie</CzyKlucz><OpisPola></OpisPola><TypPola></TypPola><RozmiarPola></RozmiarPola><PrecyzjaPola></PrecyzjaPola></Pole><Pole><NazwaPola>id_panstwo1</NazwaPola><CzyNull>NOT NULL</CzyNull><CzyKlucz>nie</CzyKlucz><OpisPola></OpisPola><TypPola></TypPola><RozmiarPola></RozmiarPola><PrecyzjaPola></PrecyzjaPola></Pole><Pole><NazwaPola>id_panstwo2</NazwaPola><CzyNull>NOT NULL</CzyNull><CzyKlucz>nie</CzyKlucz><OpisPola></OpisPola><TypPola></TypPola><RozmiarPola></RozmiarPola><PrecyzjaPola></PrecyzjaPola></Pole></Pola><KluczeObce><KluczObcy><NazwaKlucza>Refpanstwa</NazwaKlucza><NazwaTabeliForeign>panstwa</NazwaTabeliForeign><TypKlucza>jw</TypKlucza><PolaKluczowe><PoleKluczowe><NazwaPolaLocal>id_panstwo1</NazwaPolaLocal><NazwaPolaForeign>id</NazwaPolaForeign></PoleKluczowe><PoleKluczowe><NazwaPolaLocal>id_panstwo2</NazwaPolaLocal><NazwaPolaForeign>id</NazwaPolaForeign></PoleKluczowe></PolaKluczowe></KluczObcy></KluczeObce></Tabela><Tabela><NazwaTabeli>miara</NazwaTabeli><OpisTabeli>slownik</OpisTabeli><Pola><Pole><NazwaPola>id</NazwaPola><CzyNull>NOT NULL</CzyNull><CzyKlucz>tak</CzyKlucz><OpisPola></OpisPola><TypPola></TypPola><RozmiarPola></RozmiarPola><PrecyzjaPola></PrecyzjaPola></Pole><Pole><NazwaPola>nazwa</NazwaPola><CzyNull>NOT NULL</CzyNull><CzyKlucz>nie</CzyKlucz><OpisPola></OpisPola><TypPola></TypPola><RozmiarPola></RozmiarPola><PrecyzjaPola></PrecyzjaPola></Pole></Pola><KluczeObce/></Tabela><Tabela><NazwaTabeli>zbiorniki_miary</NazwaTabeli><OpisTabeli></OpisTabeli><Pola><Pole><NazwaPola>id</NazwaPola><CzyNull>NOT NULL</CzyNull><CzyKlucz>tak</CzyKlucz><OpisPola></OpisPola><TypPola></TypPola><RozmiarPola></RozmiarPola><PrecyzjaPola></PrecyzjaPola></Pole><Pole><NazwaPola>id_zbiornik</NazwaPola><CzyNull>NOT NULL</CzyNull><CzyKlucz>nie</CzyKlucz><OpisPola></OpisPola><TypPola></TypPola><RozmiarPola></RozmiarPola><PrecyzjaPola></PrecyzjaPola></Pole><Pole><NazwaPola>id_miara</NazwaPola><CzyNull>NOT NULL</CzyNull><CzyKlucz>nie</CzyKlucz><OpisPola></OpisPola><TypPola></TypPola><RozmiarPola></RozmiarPola><PrecyzjaPola></PrecyzjaPola></Pole><Pole><NazwaPola>wartosc</NazwaPola><CzyNull>NOT NULL</CzyNull><CzyKlucz>nie</CzyKlucz><OpisPola></OpisPola><TypPola></TypPola><RozmiarPola></RozmiarPola><PrecyzjaPola></PrecyzjaPola></Pole></Pola><KluczeObce><KluczObcy><NazwaKlucza>Refzbiorniki</NazwaKlucza><NazwaTabeliForeign>zbiorniki</NazwaTabeliForeign><TypKlucza>jw</TypKlucza><PolaKluczowe><PoleKluczowe><NazwaPolaLocal>id_zbiornik</NazwaPolaLocal><NazwaPolaForeign>id</NazwaPolaForeign></PoleKluczowe></PolaKluczowe></KluczObcy><KluczObcy><NazwaKlucza>Refmiara</NazwaKlucza><NazwaTabeliForeign>miara</NazwaTabeliForeign><TypKlucza>jw</TypKlucza><PolaKluczowe><PoleKluczowe><NazwaPolaLocal>id_miara</NazwaPolaLocal><NazwaPolaForeign>id</NazwaPolaForeign></PoleKluczowe></PolaKluczowe></KluczObcy></KluczeObce></Tabela><Tabela><NazwaTabeli>miasta</NazwaTabeli><OpisTabeli></OpisTabeli><Pola><Pole><NazwaPola>id</NazwaPola><CzyNull>NOT NULL</CzyNull><CzyKlucz>tak</CzyKlucz><OpisPola></OpisPola><TypPola></TypPola><RozmiarPola></RozmiarPola><PrecyzjaPola></PrecyzjaPola></Pole><Pole><NazwaPola>nazwa</NazwaPola><CzyNull>NOT NULL</CzyNull><CzyKlucz>nie</CzyKlucz><OpisPola></OpisPola><TypPola></TypPola><RozmiarPola></RozmiarPola><PrecyzjaPola></PrecyzjaPola></Pole><Pole><NazwaPola>ludnosc</NazwaPola><CzyNull>NOT NULL</CzyNull><CzyKlucz>nie</CzyKlucz><OpisPola></OpisPola><TypPola></TypPola><RozmiarPola></RozmiarPola><PrecyzjaPola></PrecyzjaPola></Pole><Pole><NazwaPola>powierzchnia</NazwaPola><CzyNull>NOT NULL</CzyNull><CzyKlucz>nie</CzyKlucz><OpisPola></OpisPola><TypPola></TypPola><RozmiarPola></RozmiarPola><PrecyzjaPola></PrecyzjaPola></Pole><Pole><NazwaPola>id_panstwo</NazwaPola><CzyNull>NOT NULL</CzyNull><CzyKlucz>nie</CzyKlucz><OpisPola></OpisPola><TypPola></TypPola><RozmiarPola></RozmiarPola><PrecyzjaPola></PrecyzjaPola></Pole><Pole><NazwaPola>id_kontynent</NazwaPola><CzyNull></CzyNull><CzyKlucz>nie</CzyKlucz><OpisPola></OpisPola><TypPola></TypPola><RozmiarPola></RozmiarPola><PrecyzjaPola></PrecyzjaPola></Pole><Pole><NazwaPola>czyStolica</NazwaPola><CzyNull>NOT NULL</CzyNull><CzyKlucz>nie</CzyKlucz><OpisPola>bit</OpisPola><TypPola></TypPola><RozmiarPola></RozmiarPola><PrecyzjaPola></PrecyzjaPola></Pole></Pola><KluczeObce><KluczObcy><NazwaKlucza>Refpanstwa</NazwaKlucza><NazwaTabeliForeign>panstwa</NazwaTabeliForeign><TypKlucza>jw</TypKlucza><PolaKluczowe><PoleKluczowe><NazwaPolaLocal>id_panstwo</NazwaPolaLocal><NazwaPolaForeign>id</NazwaPolaForeign></PoleKluczowe></PolaKluczowe></KluczObcy><KluczObcy><NazwaKlucza>Refkontynenty</NazwaKlucza><NazwaTabeliForeign>kontynenty</NazwaTabeliForeign><TypKlucza>jw</TypKlucza><PolaKluczowe><PoleKluczowe><NazwaPolaLocal>id_kontynent</NazwaPolaLocal><NazwaPolaForeign>id</NazwaPolaForeign></PoleKluczowe></PolaKluczowe></KluczObcy></KluczeObce></Tabela></Tabele><Indeksy/></Baza>
