<?xml version="1.0"?>
<encje><Encja id="e1"><Nazwa>kontynenty</Nazwa><Opis></Opis><Atrybuty><Atrybut><Nazwa>id</Nazwa><Wymagalnosc>tak</Wymagalnosc><CzyKlucz>tak</CzyKlucz><Opis></Opis></Atrybut><Atrybut><Nazwa>nazwa</Nazwa><Wymagalnosc>tak</Wymagalnosc><CzyKlucz>nie</CzyKlucz><Opis></Opis></Atrybut><Atrybut><Nazwa>powierzchnia</Nazwa><Wymagalnosc>tak</Wymagalnosc><CzyKlucz>nie</CzyKlucz><Opis></Opis></Atrybut><Atrybut><Nazwa>linia_brzegowa</Nazwa><Wymagalnosc>tak</Wymagalnosc><CzyKlucz>nie</CzyKlucz><Opis></Opis></Atrybut></Atrybuty><Referencje/></Encja><Encja id="e2"><Nazwa>panstwa</Nazwa><Opis></Opis><Atrybuty><Atrybut><Nazwa>id</Nazwa><Wymagalnosc>tak</Wymagalnosc><CzyKlucz>tak</CzyKlucz><Opis></Opis></Atrybut><Atrybut><Nazwa>nazwa</Nazwa><Wymagalnosc>tak</Wymagalnosc><CzyKlucz>nie</CzyKlucz><Opis></Opis></Atrybut><Atrybut><Nazwa>powierzchnia</Nazwa><Wymagalnosc>tak</Wymagalnosc><CzyKlucz>nie</CzyKlucz><Opis></Opis></Atrybut><Atrybut><Nazwa>dlugosc_granica</Nazwa><Wymagalnosc>tak</Wymagalnosc><CzyKlucz>nie</CzyKlucz><Opis></Opis></Atrybut></Atrybuty><Referencje/></Encja><Encja id="e3"><Nazwa>zbiornik_typ</Nazwa><Opis>slownik</Opis><Atrybuty><Atrybut><Nazwa>id</Nazwa><Wymagalnosc>tak</Wymagalnosc><CzyKlucz>tak</CzyKlucz><Opis></Opis></Atrybut><Atrybut><Nazwa>nazwa</Nazwa><Wymagalnosc>tak</Wymagalnosc><CzyKlucz>nie</CzyKlucz><Opis>otwarty zamkniety</Opis></Atrybut></Atrybuty><Referencje/></Encja><Encja id="e4"><Nazwa>zbiorniki</Nazwa><Opis></Opis><Atrybuty><Atrybut><Nazwa>id</Nazwa><Wymagalnosc>tak</Wymagalnosc><CzyKlucz>tak</CzyKlucz><Opis></Opis></Atrybut><Atrybut><Nazwa>nazwa</Nazwa><Wymagalnosc>tak</Wymagalnosc><CzyKlucz>nie</CzyKlucz><Opis></Opis></Atrybut><Atrybut><Nazwa>typ</Nazwa><Wymagalnosc>tak</Wymagalnosc><CzyKlucz>nie</CzyKlucz><Opis>FK zbiornik_typ</Opis></Atrybut></Atrybuty><Referencje><Referencja><NazwaEncjiRef>zbiornik_typ</NazwaEncjiRef><Typ>jw</Typ><AtrybutyLocal><NazwaAtrybutu>typ</NazwaAtrybutu><NazwaAtrybutuRef>id</NazwaAtrybutuRef></AtrybutyLocal></Referencja></Referencje></Encja><Encja id="e5"><Nazwa>pustynie</Nazwa><Opis></Opis><Atrybuty><Atrybut><Nazwa>id</Nazwa><Wymagalnosc>tak</Wymagalnosc><CzyKlucz>tak</CzyKlucz><Opis></Opis></Atrybut><Atrybut><Nazwa>nazwa</Nazwa><Wymagalnosc>tak</Wymagalnosc><CzyKlucz>nie</CzyKlucz><Opis></Opis></Atrybut><Atrybut><Nazwa>id_kontynent</Nazwa><Wymagalnosc>tak</Wymagalnosc><CzyKlucz>nie</CzyKlucz><Opis></Opis></Atrybut><Atrybut><Nazwa>powierzchnia</Nazwa><Wymagalnosc>tak</Wymagalnosc><CzyKlucz>nie</CzyKlucz><Opis></Opis></Atrybut></Atrybuty><Referencje><Referencja><NazwaEncjiRef>kontynenty</NazwaEncjiRef><Typ>jw</Typ><AtrybutyLocal><NazwaAtrybutu>id_kontynent</NazwaAtrybutu><NazwaAtrybutuRef>id</NazwaAtrybutuRef></AtrybutyLocal></Referencja></Referencje></Encja><Encja id="e6"><Nazwa>szczyty</Nazwa><Opis></Opis><Atrybuty><Atrybut><Nazwa>id</Nazwa><Wymagalnosc>tak</Wymagalnosc><CzyKlucz>tak</CzyKlucz><Opis></Opis></Atrybut><Atrybut><Nazwa>nazwa</Nazwa><Wymagalnosc>tak</Wymagalnosc><CzyKlucz>nie</CzyKlucz><Opis></Opis></Atrybut><Atrybut><Nazwa>wysokosc</Nazwa><Wymagalnosc>tak</Wymagalnosc><CzyKlucz>nie</CzyKlucz><Opis></Opis></Atrybut><Atrybut><Nazwa>id_pasmo_gorskie</Nazwa><Wymagalnosc>tak</Wymagalnosc><CzyKlucz>nie</CzyKlucz><Opis></Opis></Atrybut></Atrybuty><Referencje><Referencja><NazwaEncjiRef>pasmo_gorskie</NazwaEncjiRef><Typ>jw</Typ><AtrybutyLocal><NazwaAtrybutu>id_pasmo_gorskie</NazwaAtrybutu><NazwaAtrybutuRef>id</NazwaAtrybutuRef></AtrybutyLocal></Referencja></Referencje></Encja><Encja id="e7"><Nazwa>pasmo_gorskie</Nazwa><Opis></Opis><Atrybuty><Atrybut><Nazwa>id</Nazwa><Wymagalnosc>tak</Wymagalnosc><CzyKlucz>tak</CzyKlucz><Opis></Opis></Atrybut><Atrybut><Nazwa>nazwa</Nazwa><Wymagalnosc>tak</Wymagalnosc><CzyKlucz>nie</CzyKlucz><Opis></Opis></Atrybut></Atrybuty><Referencje/></Encja><Encja id="e8"><Nazwa>kontynenty_panstwa</Nazwa><Opis></Opis><Atrybuty><Atrybut><Nazwa>id</Nazwa><Wymagalnosc>tak</Wymagalnosc><CzyKlucz>tak</CzyKlucz><Opis></Opis></Atrybut><Atrybut><Nazwa>id_kontynent</Nazwa><Wymagalnosc>tak</Wymagalnosc><CzyKlucz>nie</CzyKlucz><Opis></Opis></Atrybut><Atrybut><Nazwa>id_panstwo</Nazwa><Wymagalnosc>tak</Wymagalnosc><CzyKlucz>nie</CzyKlucz><Opis></Opis></Atrybut></Atrybuty><Referencje><Referencja><NazwaEncjiRef>kontynenty</NazwaEncjiRef><Typ>jw</Typ><AtrybutyLocal><NazwaAtrybutu>id_kontynent</NazwaAtrybutu><NazwaAtrybutuRef>id</NazwaAtrybutuRef></AtrybutyLocal></Referencja><Referencja><NazwaEncjiRef>panstwa</NazwaEncjiRef><Typ>jw</Typ><AtrybutyLocal><NazwaAtrybutu>id_panstwo</NazwaAtrybutu><NazwaAtrybutuRef>id</NazwaAtrybutuRef></AtrybutyLocal></Referencja></Referencje></Encja><Encja id="e9"><Nazwa>zbiorniki_panstwa</Nazwa><Opis></Opis><Atrybuty><Atrybut><Nazwa>id</Nazwa><Wymagalnosc>tak</Wymagalnosc><CzyKlucz>tak</CzyKlucz><Opis></Opis></Atrybut><Atrybut><Nazwa>id_panstwo</Nazwa><Wymagalnosc>tak</Wymagalnosc><CzyKlucz>nie</CzyKlucz><Opis></Opis></Atrybut><Atrybut><Nazwa>id_zbiornik</Nazwa><Wymagalnosc>tak</Wymagalnosc><CzyKlucz>nie</CzyKlucz><Opis></Opis></Atrybut></Atrybuty><Referencje><Referencja><NazwaEncjiRef>panstwa</NazwaEncjiRef><Typ>jw</Typ><AtrybutyLocal><NazwaAtrybutu>id_panstwo</NazwaAtrybutu><NazwaAtrybutuRef>id</NazwaAtrybutuRef></AtrybutyLocal></Referencja><Referencja><NazwaEncjiRef>zbiorniki</NazwaEncjiRef><Typ>jw</Typ><AtrybutyLocal><NazwaAtrybutu>id_zbiornik</NazwaAtrybutu><NazwaAtrybutuRef>id</NazwaAtrybutuRef></AtrybutyLocal></Referencja></Referencje></Encja><Encja id="e10"><Nazwa>pustynie_panstwa</Nazwa><Opis></Opis><Atrybuty><Atrybut><Nazwa>id</Nazwa><Wymagalnosc>tak</Wymagalnosc><CzyKlucz>tak</CzyKlucz><Opis></Opis></Atrybut><Atrybut><Nazwa>id_panstwo</Nazwa><Wymagalnosc>tak</Wymagalnosc><CzyKlucz>nie</CzyKlucz><Opis></Opis></Atrybut><Atrybut><Nazwa>id_pustynia</Nazwa><Wymagalnosc>tak</Wymagalnosc><CzyKlucz>nie</CzyKlucz><Opis></Opis></Atrybut></Atrybuty><Referencje><Referencja><NazwaEncjiRef>pustynie</NazwaEncjiRef><Typ>jw</Typ><AtrybutyLocal><NazwaAtrybutu>id_pustynia</NazwaAtrybutu><NazwaAtrybutuRef>id</NazwaAtrybutuRef></AtrybutyLocal></Referencja><Referencja><NazwaEncjiRef>panstwa</NazwaEncjiRef><Typ>jw</Typ><AtrybutyLocal><NazwaAtrybutu>id_panstwo</NazwaAtrybutu><NazwaAtrybutuRef>id</NazwaAtrybutuRef></AtrybutyLocal></Referencja></Referencje></Encja><Encja id="e11"><Nazwa>pasmo_gorskie_panstwa</Nazwa><Opis></Opis><Atrybuty><Atrybut><Nazwa>id</Nazwa><Wymagalnosc>tak</Wymagalnosc><CzyKlucz>tak</CzyKlucz><Opis></Opis></Atrybut><Atrybut><Nazwa>id_pasmo_gorskie</Nazwa><Wymagalnosc>tak</Wymagalnosc><CzyKlucz>nie</CzyKlucz><Opis></Opis></Atrybut><Atrybut><Nazwa>id_panstwo</Nazwa><Wymagalnosc>tak</Wymagalnosc><CzyKlucz>nie</CzyKlucz><Opis></Opis></Atrybut></Atrybuty><Referencje><Referencja><NazwaEncjiRef>pasmo_gorskie</NazwaEncjiRef><Typ>jw</Typ><AtrybutyLocal><NazwaAtrybutu>id_pasmo_gorskie</NazwaAtrybutu><NazwaAtrybutuRef>id</NazwaAtrybutuRef></AtrybutyLocal></Referencja><Referencja><NazwaEncjiRef>panstwa</NazwaEncjiRef><Typ>jw</Typ><AtrybutyLocal><NazwaAtrybutu>id_panstwo</NazwaAtrybutu><NazwaAtrybutuRef>id</NazwaAtrybutuRef></AtrybutyLocal></Referencja></Referencje></Encja><Encja id="e12"><Nazwa>szczty_panstwa</Nazwa><Opis></Opis><Atrybuty><Atrybut><Nazwa>id</Nazwa><Wymagalnosc>tak</Wymagalnosc><CzyKlucz>tak</CzyKlucz><Opis></Opis></Atrybut><Atrybut><Nazwa>id_szczyt</Nazwa><Wymagalnosc>tak</Wymagalnosc><CzyKlucz>nie</CzyKlucz><Opis></Opis></Atrybut><Atrybut><Nazwa>id_panstwo</Nazwa><Wymagalnosc>tak</Wymagalnosc><CzyKlucz>nie</CzyKlucz><Opis></Opis></Atrybut></Atrybuty><Referencje><Referencja><NazwaEncjiRef>szczyty</NazwaEncjiRef><Typ>jw</Typ><AtrybutyLocal><NazwaAtrybutu>id_szczyt</NazwaAtrybutu><NazwaAtrybutuRef>id</NazwaAtrybutuRef></AtrybutyLocal></Referencja><Referencja><NazwaEncjiRef>panstwa</NazwaEncjiRef><Typ>jw</Typ><AtrybutyLocal><NazwaAtrybutu>id_panstwo</NazwaAtrybutu><NazwaAtrybutuRef>id</NazwaAtrybutuRef></AtrybutyLocal></Referencja></Referencje></Encja><Encja id="e13"><Nazwa>kontynenty_panstwa</Nazwa><Opis></Opis><Atrybuty><Atrybut><Nazwa>id</Nazwa><Wymagalnosc>tak</Wymagalnosc><CzyKlucz>tak</CzyKlucz><Opis></Opis></Atrybut><Atrybut><Nazwa>id_kontynent</Nazwa><Wymagalnosc>tak</Wymagalnosc><CzyKlucz>nie</CzyKlucz><Opis></Opis></Atrybut><Atrybut><Nazwa>id_panstwo</Nazwa><Wymagalnosc>tak</Wymagalnosc><CzyKlucz>nie</CzyKlucz><Opis></Opis></Atrybut></Atrybuty><Referencje><Referencja><NazwaEncjiRef>kontynenty</NazwaEncjiRef><Typ>jw</Typ><AtrybutyLocal><NazwaAtrybutu>id_kontynent</NazwaAtrybutu><NazwaAtrybutuRef>id</NazwaAtrybutuRef></AtrybutyLocal></Referencja><Referencja><NazwaEncjiRef>panstwa</NazwaEncjiRef><Typ>jw</Typ><AtrybutyLocal><NazwaAtrybutu>id_panstwo</NazwaAtrybutu><NazwaAtrybutuRef>id</NazwaAtrybutuRef></AtrybutyLocal></Referencja></Referencje></Encja><Encja id="e14"><Nazwa>panstwo_panstwo</Nazwa><Opis></Opis><Atrybuty><Atrybut><Nazwa>id</Nazwa><Wymagalnosc>tak</Wymagalnosc><CzyKlucz>tak</CzyKlucz><Opis></Opis></Atrybut><Atrybut><Nazwa>dlugosc_granicy</Nazwa><Wymagalnosc>tak</Wymagalnosc><CzyKlucz>nie</CzyKlucz><Opis></Opis></Atrybut><Atrybut><Nazwa>id_panstwo1</Nazwa><Wymagalnosc>tak</Wymagalnosc><CzyKlucz>nie</CzyKlucz><Opis></Opis></Atrybut><Atrybut><Nazwa>id_panstwo2</Nazwa><Wymagalnosc>tak</Wymagalnosc><CzyKlucz>nie</CzyKlucz><Opis></Opis></Atrybut></Atrybuty><Referencje><Referencja><NazwaEncjiRef>panstwa</NazwaEncjiRef><Typ>jw</Typ><AtrybutyLocal><NazwaAtrybutu>id_panstwo1</NazwaAtrybutu><NazwaAtrybutuRef>id</NazwaAtrybutuRef></AtrybutyLocal><AtrybutyLocal><NazwaAtrybutu>id_panstwo2</NazwaAtrybutu><NazwaAtrybutuRef>id</NazwaAtrybutuRef></AtrybutyLocal></Referencja></Referencje></Encja><Encja id="e15"><Nazwa>miara</Nazwa><Opis>slownik</Opis><Atrybuty><Atrybut><Nazwa>id</Nazwa><Wymagalnosc>tak</Wymagalnosc><CzyKlucz>tak</CzyKlucz><Opis></Opis></Atrybut><Atrybut><Nazwa>nazwa</Nazwa><Wymagalnosc>tak</Wymagalnosc><CzyKlucz>nie</CzyKlucz><Opis></Opis></Atrybut></Atrybuty><Referencje/></Encja><Encja id="e16"><Nazwa>zbiorniki_miary</Nazwa><Opis></Opis><Atrybuty><Atrybut><Nazwa>id</Nazwa><Wymagalnosc>tak</Wymagalnosc><CzyKlucz>tak</CzyKlucz><Opis></Opis></Atrybut><Atrybut><Nazwa>id_zbiornik</Nazwa><Wymagalnosc>tak</Wymagalnosc><CzyKlucz>nie</CzyKlucz><Opis></Opis></Atrybut><Atrybut><Nazwa>id_miara</Nazwa><Wymagalnosc>tak</Wymagalnosc><CzyKlucz>nie</CzyKlucz><Opis></Opis></Atrybut><Atrybut><Nazwa>wartosc</Nazwa><Wymagalnosc>tak</Wymagalnosc><CzyKlucz>nie</CzyKlucz><Opis></Opis></Atrybut></Atrybuty><Referencje><Referencja><NazwaEncjiRef>zbiorniki</NazwaEncjiRef><Typ>jw</Typ><AtrybutyLocal><NazwaAtrybutu>id_zbiornik</NazwaAtrybutu><NazwaAtrybutuRef>id</NazwaAtrybutuRef></AtrybutyLocal></Referencja><Referencja><NazwaEncjiRef>miara</NazwaEncjiRef><Typ>jw</Typ><AtrybutyLocal><NazwaAtrybutu>id_miara</NazwaAtrybutu><NazwaAtrybutuRef>id</NazwaAtrybutuRef></AtrybutyLocal></Referencja></Referencje></Encja><Encja id="e17"><Nazwa>miasta</Nazwa><Opis></Opis><Atrybuty><Atrybut><Nazwa>id</Nazwa><Wymagalnosc>tak</Wymagalnosc><CzyKlucz>tak</CzyKlucz><Opis></Opis></Atrybut><Atrybut><Nazwa>nazwa</Nazwa><Wymagalnosc>tak</Wymagalnosc><CzyKlucz>nie</CzyKlucz><Opis></Opis></Atrybut><Atrybut><Nazwa>ludnosc</Nazwa><Wymagalnosc>tak</Wymagalnosc><CzyKlucz>nie</CzyKlucz><Opis></Opis></Atrybut><Atrybut><Nazwa>powierzchnia</Nazwa><Wymagalnosc>tak</Wymagalnosc><CzyKlucz>nie</CzyKlucz><Opis></Opis></Atrybut><Atrybut><Nazwa>id_panstwo</Nazwa><Wymagalnosc>tak</Wymagalnosc><CzyKlucz>nie</CzyKlucz><Opis></Opis></Atrybut><Atrybut><Nazwa>id_kontynent</Nazwa><Wymagalnosc>nie</Wymagalnosc><CzyKlucz>nie</CzyKlucz><Opis></Opis></Atrybut><Atrybut><Nazwa>czyStolica</Nazwa><Wymagalnosc>tak</Wymagalnosc><CzyKlucz>nie</CzyKlucz><Opis>bit</Opis></Atrybut></Atrybuty><Referencje><Referencja><NazwaEncjiRef>panstwa</NazwaEncjiRef><Typ>jw</Typ><AtrybutyLocal><NazwaAtrybutu>id_panstwo</NazwaAtrybutu><NazwaAtrybutuRef>id</NazwaAtrybutuRef></AtrybutyLocal></Referencja><Referencja><NazwaEncjiRef>kontynenty</NazwaEncjiRef><Typ>jw</Typ><AtrybutyLocal><NazwaAtrybutu>id_kontynent</NazwaAtrybutu><NazwaAtrybutuRef>id</NazwaAtrybutuRef></AtrybutyLocal></Referencja></Referencje></Encja></encje>
